<?xml version="1.0" encoding="UTF-8"?>
<project-private xmlns="http://www.netbeans.org/ns/project-private/1">
    <editor-bookmarks xmlns="http://www.netbeans.org/ns/editor-bookmarks/2" lastBookmarkId="0"/>
    <open-files xmlns="http://www.netbeans.org/ns/projectui-open-files/2">
        <group>
            <file>file:/X:/Dropbox/UNAB/Semestre%202014-1/Tecnologías%20de%20la%20Web/Proyecto/trunk/tweet-dl/src/properties/ExportFields.properties</file>
            <file>file:/X:/Dropbox/UNAB/Semestre%202014-1/Tecnologías%20de%20la%20Web/Proyecto/trunk/tweet-dl/src/tweet/dl/view/MainView.java</file>
        </group>
    </open-files>
</project-private>
